ID;Region;Nombre_Hueso;Cara;Accidentes_Oseos;Musculos_Relacionados;Funcion_Bio;Articulaciones_Clave;Agente_Fisico;Referencia_Netter;Referencia_Colorear;Link_PDF_Carrion;Puntos_Clave_Palpacion;Terminologia_Tecnica;Prioridad_BRI;Accion_Sugerida;Pista_Trivia;Riesgo_Fractura
H001;Cráneo;Frontal;Anterior;Glabela, Arcos superciliares;Corrugador superciliar;Protección anterior del lóbulo frontal;Sutura coronal;Magnetoterapia;Lámina 4;Lámina 2-2;C04_Anatomia_Clase1.pdf;Borde supraorbitario;Sutura metópica;Verde;Evaluar senos frontales;Protejo tu lóbulo frontal y formo tu frente.;Riesgo GRAVE (Traumatismos TEC)
H002;Cráneo;Parietal Derecho;Lateral;Líneas temporales;Músculo temporal;Protección lateral del cerebro;Sutura sagital y coronal;Ultrasonido;Lámina 6;Lámina 2-2;C04_Anatomia_Clase1.pdf;Eminencia parietal;Fontanela bregmática;Verde;Palpación de calota;Formo el techo derecho de tu cráneo.;Riesgo GRAVE (TEC)
H003;Cráneo;Parietal Izquierdo;Lateral;Líneas temporales;Músculo temporal;Protección lateral del cerebro;Sutura sagital y coronal;Ultrasonido;Lámina 6;Lámina 2-2;C04_Anatomia_Clase1.pdf;Eminencia parietal;Fontanela bregmática;Verde;Palpación de calota;Formo el techo izquierdo de tu cráneo.;Riesgo GRAVE (TEC)
H004;Cráneo;Temporal Derecho;Lateral;Apófisis mastoides, Apófisis estiloides;Esternocleidomastoideo;Audición, Equilibrio;ATM (Art. Temporomandibular);Láser;Lámina 8;Lámina 2-3;C04_Anatomia_Clase1.pdf;Apófisis mastoides;Porción petrosa;Rojo;Evaluar dolor ATM;Guardo tu oído derecho.;Riesgo GRAVE (Fractura base de cráneo)
H005;Cráneo;Temporal Izquierdo;Lateral;Apófisis mastoides, Apófisis estiloides;Esternocleidomastoideo;Audición, Equilibrio;ATM (Art. Temporomandibular);Láser;Lámina 8;Lámina 2-3;C04_Anatomia_Clase1.pdf;Apófisis mastoides;Porción petrosa;Rojo;Evaluar dolor ATM;Guardo tu oído izquierdo.;Riesgo GRAVE (Fractura base de cráneo)
H006;Cráneo;Occipital;Posterior;Agujero Magno, Cóndilos;Suboccipitales, Trapecio;Conexión craneocervical, visión;Atlanto-occipital (C0-C1);TENS;Lámina 10;Lámina 2-4;C04_Anatomia_Clase1.pdf;Inión (Protuberancia externa);Agujero Magno;Ámbar;Liberación suboccipital;Me articulo directamente con el atlas.;Riesgo GRAVE
H007;Cráneo;Esfenoides;Base;Silla turca, Alas mayores;Pterigoideos (origen);Soporte de glándula pituitaria;Sutura esfenoescamosa;Ninguno;Lámina 11;Lámina 2-5;C04_Anatomia_Clase1.pdf;Sien (Alas mayores);Silla turca;Ámbar;Terapia craneosacral;Tengo forma de murciélago o mariposa.;Riesgo GRAVE
H008;Cráneo;Etmoides;Interna;Crista galli, Lámina cribosa;Ninguno;Soporte de bulbo olfatorio;Sutura frontoetmoidal;Ninguno;Lámina 12;Lámina 2-6;C04_Anatomia_Clase1.pdf;Raíz nasal profunda;Cornetes superiores;Verde;Manejo de sinusitis;Separo tu cavidad nasal del cerebro.;Riesgo GRAVE (Fístula LCR)
H009;Cara;Maxilar Derecho;Facial;Apófisis alveolar;Masetero (parte);Masticación, Soporte facial;Articulación maxilodentaria;Ultrasonido;Lámina 15;Lámina 2-7;C04_Anatomia.pdf;Base nasal derecha;Viscerocráneo;Ámbar;Palpación facial;Sostengo tus dientes superiores derechos.;Riesgo MEDIO a ALTO
H010;Cara;Maxilar Izquierdo;Facial;Apófisis alveolar;Masetero (parte);Masticación, Soporte facial;Articulación maxilodentaria;Ultrasonido;Lámina 15;Lámina 2-7;C04_Anatomia.pdf;Base nasal izquierda;Viscerocráneo;Ámbar;Palpación facial;Sostengo tus dientes superiores izquierdos.;Riesgo MEDIO a ALTO
H011;Cara;Cigomático Derecho;Facial;Arco cigomático;Cigomático mayor;Soporte ocular, Estética facial;Sutura cigomaticomaxilar;TENS;Lámina 15;Lámina 2-7;C04_Anatomia.pdf;Pómulo derecho;Viscerocráneo;Ámbar;Palpación facial;Soy tu pómulo derecho.;Riesgo MEDIO a ALTO
H012;Cara;Cigomático Izquierdo;Facial;Arco cigomático;Cigomático mayor;Soporte ocular, Estética facial;Sutura cigomaticomaxilar;TENS;Lámina 15;Lámina 2-7;C04_Anatomia.pdf;Pómulo izquierdo;Viscerocráneo;Ámbar;Palpación facial;Soy tu pómulo izquierdo.;Riesgo MEDIO a ALTO
H013;Cara;Nasal Derecho;Facial;Surco etmoidal;Prócer;Forma del puente nasal;Sutura internasal;Ninguno;Lámina 15;Lámina 2-7;C04_Anatomia.pdf;Puente nariz;Viscerocráneo;Ámbar;Palpación facial;Mitad de tu puente nasal.;Riesgo MEDIO a ALTO
H014;Cara;Nasal Izquierdo;Facial;Surco etmoidal;Prócer;Forma del puente nasal;Sutura internasal;Ninguno;Lámina 15;Lámina 2-7;C04_Anatomia.pdf;Puente nariz;Viscerocráneo;Ámbar;Palpación facial;Mitad de tu puente nasal.;Riesgo MEDIO a ALTO
H015;Cara;Lagrimal Derecho;Facial;Fosa lagrimal;Orbicular de los ojos;Drenaje lagrimal;Sutura lagrimomaxilar;Ninguno;Lámina 15;Lámina 2-7;C04_Anatomia.pdf;Órbita interna derecha;Viscerocráneo;Ámbar;Palpación facial;Hueso más frágil de la cara.;Riesgo MEDIO a ALTO
H016;Cara;Lagrimal Izquierdo;Facial;Fosa lagrimal;Orbicular de los ojos;Drenaje lagrimal;Sutura lagrimomaxilar;Ninguno;Lámina 15;Lámina 2-7;C04_Anatomia.pdf;Órbita interna izquierda;Viscerocráneo;Ámbar;Palpación facial;Hueso más frágil de la cara.;Riesgo MEDIO a ALTO
H017;Cara;Palatino Derecho;Facial;Lámina horizontal;Palatofaríngeo;Paladar duro;Sutura palatina media;Ninguno;Lámina 15;Lámina 2-7;C04_Anatomia.pdf;Cielo de la boca (atrás);Viscerocráneo;Ámbar;Palpación facial;Techo de tu boca atrás.;Riesgo MEDIO a ALTO
H018;Cara;Palatino Izquierdo;Facial;Lámina horizontal;Palatofaríngeo;Paladar duro;Sutura palatina media;Ninguno;Lámina 15;Lámina 2-7;C04_Anatomia.pdf;Cielo de la boca (atrás);Viscerocráneo;Ámbar;Palpación facial;Techo de tu boca atrás.;Riesgo MEDIO a ALTO
H019;Cara;Cornete Inferior Derecho;Facial;Concha nasal;Ninguno;Flujo y calentamiento de aire;Pared nasal lateral;Ninguno;Lámina 15;Lámina 2-7;C04_Anatomia.pdf;Fosa nasal interna;Viscerocráneo;Ámbar;Palpación facial;Caliento el aire que respiras.;Riesgo MEDIO a ALTO
H020;Cara;Cornete Inferior Izquierdo;Facial;Concha nasal;Ninguno;Flujo y calentamiento de aire;Pared nasal lateral;Ninguno;Lámina 15;Lámina 2-7;C04_Anatomia.pdf;Fosa nasal interna;Viscerocráneo;Ámbar;Palpación facial;Caliento el aire que respiras.;Riesgo MEDIO a ALTO
H021;Cara;Vómer;Facial;Alas del vómer;Ninguno;Forma el tabique nasal central;Sutura esfenovomeriana;Ninguno;Lámina 15;Lámina 2-7;C04_Anatomia.pdf;Tabique central profundo;Viscerocráneo;Ámbar;Palpación facial;Parezco una reja de arado.;Riesgo MEDIO a ALTO
H022;Cara;Mandíbula;Facial;Cóndilo y Rama;Masetero, Temporal, Pterigoideos;Masticación dinámica, Habla;ATM (Art. Temporomandibular);Láser / Ultrasonido;Lámina 15;Lámina 2-7;C04_Anatomia.pdf;Ángulo mandibular, Mentón;Viscerocráneo;Ámbar;Palpación facial;Único hueso móvil del cráneo.;Riesgo MEDIO a ALTO
H023;Oído Medio;Martillo Derecho;Interna;Huesecillo auditivo;Músculo del estribo;Transmisión de ondas sonoras;Articulación osicular;Ninguno;Lámina 120;Lámina 4-1;-;Impalpable;Osículos;Verde;Derivar a otorrino si hay sordera;Soy de los huesos más diminutos de tu cuerpo.;Riesgo LEVE (Sordera de conducción)
H024;Oído Medio;Martillo Izquierdo;Interna;Huesecillo auditivo;Músculo del estribo;Transmisión de ondas sonoras;Articulación osicular;Ninguno;Lámina 120;Lámina 4-1;-;Impalpable;Osículos;Verde;Derivar a otorrino si hay sordera;Soy de los huesos más diminutos de tu cuerpo.;Riesgo LEVE (Sordera de conducción)
H025;Oído Medio;Yunque Derecho;Interna;Huesecillo auditivo;Músculo del estribo;Transmisión de ondas sonoras;Articulación osicular;Ninguno;Lámina 120;Lámina 4-1;-;Impalpable;Osículos;Verde;Derivar a otorrino si hay sordera;Soy de los huesos más diminutos de tu cuerpo.;Riesgo LEVE (Sordera de conducción)
H026;Oído Medio;Yunque Izquierdo;Interna;Huesecillo auditivo;Músculo del estribo;Transmisión de ondas sonoras;Articulación osicular;Ninguno;Lámina 120;Lámina 4-1;-;Impalpable;Osículos;Verde;Derivar a otorrino si hay sordera;Soy de los huesos más diminutos de tu cuerpo.;Riesgo LEVE (Sordera de conducción)
H027;Oído Medio;Estribo Derecho;Interna;Huesecillo auditivo;Músculo del estribo;Transmisión de ondas sonoras;Articulación osicular;Ninguno;Lámina 120;Lámina 4-1;-;Impalpable;Osículos;Verde;Derivar a otorrino si hay sordera;Soy de los huesos más diminutos de tu cuerpo.;Riesgo LEVE (Sordera de conducción)
H028;Oído Medio;Estribo Izquierdo;Interna;Huesecillo auditivo;Músculo del estribo;Transmisión de ondas sonoras;Articulación osicular;Ninguno;Lámina 120;Lámina 4-1;-;Impalpable;Osículos;Verde;Derivar a otorrino si hay sordera;Soy de los huesos más diminutos de tu cuerpo.;Riesgo LEVE (Sordera de conducción)
H029;Cuello;Hioides;Anterior;Cuernos mayores y menores;Suprahioideos, Infrahioideos;Deglución, Fonación;Ninguna (Es un hueso flotante);TENS;Lámina 28;Lámina 3-1;C04_Anatomia.pdf;Cuello anterior sobre tiroides;Hueso sesamoideo gigante;Ámbar;Movilización lateral;El único hueso no articulado con otro.;Riesgo ALTO (Estrangulación)
H030;Columna Cervical;Vértebra Cervical C1 (Atlas);Posterior;Apófisis espinosa bífida (C2-C6);Multífidos, Esplenio;Soporte y movilidad del cuello;Facetarias C1;TENS / Calor;Lámina 18;Lámina 3-2;C04_Anatomia.pdf;Apófisis espinosa C1;Lordosis cervical;Rojo;Tracción cervical suave;Sostengo tu cabeza (como el titán Atlas).;Riesgo ALTO (Latigazo cervical)
H031;Columna Cervical;Vértebra Cervical C2 (Axis);Posterior;Apófisis espinosa bífida (C2-C6);Multífidos, Esplenio;Soporte y movilidad del cuello;Facetarias C2;TENS / Calor;Lámina 18;Lámina 3-2;C04_Anatomia.pdf;Apófisis espinosa C2;Lordosis cervical;Rojo;Tracción cervical suave;Permito que digas 'NO' con la cabeza.;Riesgo ALTO (Latigazo cervical)
H032;Columna Cervical;Vértebra Cervical C3;Posterior;Apófisis espinosa bífida (C2-C6);Multífidos, Esplenio;Soporte y movilidad del cuello;Facetarias C3;TENS / Calor;Lámina 18;Lámina 3-2;C04_Anatomia.pdf;Apófisis espinosa C3;Lordosis cervical;Rojo;Tracción cervical suave;Soy la vértebra C3 del cuello.;Riesgo ALTO (Latigazo cervical)
H033;Columna Cervical;Vértebra Cervical C4;Posterior;Apófisis espinosa bífida (C2-C6);Multífidos, Esplenio;Soporte y movilidad del cuello;Facetarias C4;TENS / Calor;Lámina 18;Lámina 3-2;C04_Anatomia.pdf;Apófisis espinosa C4;Lordosis cervical;Rojo;Tracción cervical suave;Soy la vértebra C4 del cuello.;Riesgo ALTO (Latigazo cervical)
H034;Columna Cervical;Vértebra Cervical C5;Posterior;Apófisis espinosa bífida (C2-C6);Multífidos, Esplenio;Soporte y movilidad del cuello;Facetarias C5;TENS / Calor;Lámina 18;Lámina 3-2;C04_Anatomia.pdf;Apófisis espinosa C5;Lordosis cervical;Rojo;Tracción cervical suave;Soy la vértebra C5 del cuello.;Riesgo ALTO (Latigazo cervical)
H035;Columna Cervical;Vértebra Cervical C6;Posterior;Apófisis espinosa bífida (C2-C6);Multífidos, Esplenio;Soporte y movilidad del cuello;Facetarias C6;TENS / Calor;Lámina 18;Lámina 3-2;C04_Anatomia.pdf;Apófisis espinosa C6;Lordosis cervical;Rojo;Tracción cervical suave;Soy la vértebra C6 del cuello.;Riesgo ALTO (Latigazo cervical)
H036;Columna Cervical;Vértebra Cervical C7;Posterior;Apófisis espinosa bífida (C2-C6);Multífidos, Esplenio;Soporte y movilidad del cuello;Facetarias C7;TENS / Calor;Lámina 18;Lámina 3-2;C04_Anatomia.pdf;Apófisis espinosa C7;Lordosis cervical;Rojo;Tracción cervical suave;Soy la vértebra prominente que sientes en tu nuca.;Riesgo ALTO (Latigazo cervical)
H037;Columna Torácica;Vértebra Torácica T1;Posterior;Carillas articulares costales;Erectores de la columna, Romboides;Soporte de caja torácica;Costovertebral T1;Termoterapia;Lámina 154;Lámina 4-3;C04_Anatomia.pdf;Apófisis espinosa T1;Cifosis torácica;Ámbar;Movilización posteroanterior (PA);Me articulo con la costilla 1.;Riesgo MEDIO (Fractura por compresión en osteoporosis)
H038;Columna Torácica;Vértebra Torácica T2;Posterior;Carillas articulares costales;Erectores de la columna, Romboides;Soporte de caja torácica;Costovertebral T2;Termoterapia;Lámina 154;Lámina 4-3;C04_Anatomia.pdf;Apófisis espinosa T2;Cifosis torácica;Ámbar;Movilización posteroanterior (PA);Me articulo con la costilla 2.;Riesgo MEDIO (Fractura por compresión en osteoporosis)
H039;Columna Torácica;Vértebra Torácica T3;Posterior;Carillas articulares costales;Erectores de la columna, Romboides;Soporte de caja torácica;Costovertebral T3;Termoterapia;Lámina 154;Lámina 4-3;C04_Anatomia.pdf;Apófisis espinosa T3;Cifosis torácica;Ámbar;Movilización posteroanterior (PA);Me articulo con la costilla 3.;Riesgo MEDIO (Fractura por compresión en osteoporosis)
H040;Columna Torácica;Vértebra Torácica T4;Posterior;Carillas articulares costales;Erectores de la columna, Romboides;Soporte de caja torácica;Costovertebral T4;Termoterapia;Lámina 154;Lámina 4-3;C04_Anatomia.pdf;Apófisis espinosa T4;Cifosis torácica;Ámbar;Movilización posteroanterior (PA);Me articulo con la costilla 4.;Riesgo MEDIO (Fractura por compresión en osteoporosis)
H041;Columna Torácica;Vértebra Torácica T5;Posterior;Carillas articulares costales;Erectores de la columna, Romboides;Soporte de caja torácica;Costovertebral T5;Termoterapia;Lámina 154;Lámina 4-3;C04_Anatomia.pdf;Apófisis espinosa T5;Cifosis torácica;Ámbar;Movilización posteroanterior (PA);Me articulo con la costilla 5.;Riesgo MEDIO (Fractura por compresión en osteoporosis)
H042;Columna Torácica;Vértebra Torácica T6;Posterior;Carillas articulares costales;Erectores de la columna, Romboides;Soporte de caja torácica;Costovertebral T6;Termoterapia;Lámina 154;Lámina 4-3;C04_Anatomia.pdf;Apófisis espinosa T6;Cifosis torácica;Ámbar;Movilización posteroanterior (PA);Me articulo con la costilla 6.;Riesgo MEDIO (Fractura por compresión en osteoporosis)
H043;Columna Torácica;Vértebra Torácica T7;Posterior;Carillas articulares costales;Erectores de la columna, Romboides;Soporte de caja torácica;Costovertebral T7;Termoterapia;Lámina 154;Lámina 4-3;C04_Anatomia.pdf;Apófisis espinosa T7;Cifosis torácica;Ámbar;Movilización posteroanterior (PA);Me articulo con la costilla 7.;Riesgo MEDIO (Fractura por compresión en osteoporosis)
H044;Columna Torácica;Vértebra Torácica T8;Posterior;Carillas articulares costales;Erectores de la columna, Romboides;Soporte de caja torácica;Costovertebral T8;Termoterapia;Lámina 154;Lámina 4-3;C04_Anatomia.pdf;Apófisis espinosa T8;Cifosis torácica;Ámbar;Movilización posteroanterior (PA);Me articulo con la costilla 8.;Riesgo MEDIO (Fractura por compresión en osteoporosis)
H045;Columna Torácica;Vértebra Torácica T9;Posterior;Carillas articulares costales;Erectores de la columna, Romboides;Soporte de caja torácica;Costovertebral T9;Termoterapia;Lámina 154;Lámina 4-3;C04_Anatomia.pdf;Apófisis espinosa T9;Cifosis torácica;Ámbar;Movilización posteroanterior (PA);Me articulo con la costilla 9.;Riesgo MEDIO (Fractura por compresión en osteoporosis)
H046;Columna Torácica;Vértebra Torácica T10;Posterior;Carillas articulares costales;Erectores de la columna, Romboides;Soporte de caja torácica;Costovertebral T10;Termoterapia;Lámina 154;Lámina 4-3;C04_Anatomia.pdf;Apófisis espinosa T10;Cifosis torácica;Ámbar;Movilización posteroanterior (PA);Me articulo con la costilla 10.;Riesgo MEDIO (Fractura por compresión en osteoporosis)
H047;Columna Torácica;Vértebra Torácica T11;Posterior;Carillas articulares costales;Erectores de la columna, Romboides;Soporte de caja torácica;Costovertebral T11;Termoterapia;Lámina 154;Lámina 4-3;C04_Anatomia.pdf;Apófisis espinosa T11;Cifosis torácica;Ámbar;Movilización posteroanterior (PA);Me articulo con la costilla 11.;Riesgo MEDIO (Fractura por compresión en osteoporosis)
H048;Columna Torácica;Vértebra Torácica T12;Posterior;Carillas articulares costales;Erectores de la columna, Romboides;Soporte de caja torácica;Costovertebral T12;Termoterapia;Lámina 154;Lámina 4-3;C04_Anatomia.pdf;Apófisis espinosa T12;Cifosis torácica;Ámbar;Movilización posteroanterior (PA);Me articulo con la costilla 12.;Riesgo MEDIO (Fractura por compresión en osteoporosis)
H049;Columna Lumbar;Vértebra Lumbar L1;Posterior;Cuerpo vertebral macizo;Psoas, Cuadrado lumbar, Multífidos;Soporte principal de peso corporal;Facetarias L1;Magnetoterapia / TENS;Lámina 155;Lámina 4-4;C04_Anatomia.pdf;Apófisis espinosa L1;Lordosis lumbar;Rojo;Ejercicios de estabilización (Core);Soy la zona de mayor hernia discal (L1).;Riesgo ALTO (Hernias, Espondilolistesis)
H050;Columna Lumbar;Vértebra Lumbar L2;Posterior;Cuerpo vertebral macizo;Psoas, Cuadrado lumbar, Multífidos;Soporte principal de peso corporal;Facetarias L2;Magnetoterapia / TENS;Lámina 155;Lámina 4-4;C04_Anatomia.pdf;Apófisis espinosa L2;Lordosis lumbar;Rojo;Ejercicios de estabilización (Core);Soy la zona de mayor hernia discal (L2).;Riesgo ALTO (Hernias, Espondilolistesis)
H051;Columna Lumbar;Vértebra Lumbar L3;Posterior;Cuerpo vertebral macizo;Psoas, Cuadrado lumbar, Multífidos;Soporte principal de peso corporal;Facetarias L3;Magnetoterapia / TENS;Lámina 155;Lámina 4-4;C04_Anatomia.pdf;Apófisis espinosa L3;Lordosis lumbar;Rojo;Ejercicios de estabilización (Core);Soy la zona de mayor hernia discal (L3).;Riesgo ALTO (Hernias, Espondilolistesis)
H052;Columna Lumbar;Vértebra Lumbar L4;Posterior;Cuerpo vertebral macizo;Psoas, Cuadrado lumbar, Multífidos;Soporte principal de peso corporal;Facetarias L4;Magnetoterapia / TENS;Lámina 155;Lámina 4-4;C04_Anatomia.pdf;Apófisis espinosa L4;Lordosis lumbar;Rojo;Ejercicios de estabilización (Core);Soy la zona de mayor hernia discal (L4).;Riesgo ALTO (Hernias, Espondilolistesis)
H053;Columna Lumbar;Vértebra Lumbar L5;Posterior;Cuerpo vertebral macizo;Psoas, Cuadrado lumbar, Multífidos;Soporte principal de peso corporal;Facetarias L5;Magnetoterapia / TENS;Lámina 155;Lámina 4-4;C04_Anatomia.pdf;Apófisis espinosa L5;Lordosis lumbar;Rojo;Ejercicios de estabilización (Core);Soy la zona de mayor hernia discal (L5).;Riesgo ALTO (Hernias, Espondilolistesis)
H054;Columna Sacrococcígea;Sacro;Posterior;Promontorio, Forámenes sacros;Glúteo mayor, Piramidal;Transmisión de peso a la pelvis;Articulación Sacroilíaca;Ultrasonido;Lámina 156;Lámina 4-5;-;Base sacra, S1-S5;Hueso fusionado;Rojo;Ajuste pélvico;Soy 5 vértebras fusionadas en cuña.;Riesgo ALTO (Caída de nalgas)
H055;Columna Sacrococcígea;Cóccix;Posterior;Cuernos coccígeos;Suelo pélvico, Pubococcígeo;Inserción ligamentosa y muscular;Articulación Sacrococcígea;Magnetoterapia;Lámina 156;Lámina 4-5;-;Punta interglútea;Hueso vestigial;Verde;Relajación suelo pélvico;Soy el resto de tu cola evolutiva.;Riesgo ALTO (Luxación por caída)
H056;Tórax;Esternón;Anterior;Manubrio, Cuerpo, Apófisis Xifoides;Pectoral mayor, Esternocleidomastoideo;Anclaje torácico, Protección cardíaca;Articulaciones Esternocostales;Láser;Lámina 182;Lámina 5-1;C04.pdf;Manubrio y Cuerpo esternal;Escudo torácico;Verde;Expansión torácica;Soy el escudo que protege tu corazón.;Riesgo MEDIO (Trauma directo / RCP)
H057;Tórax;Costilla 1 Derecha (Verdadera);Lateral;Surco costal, Cabeza, Cuello;Intercostales, Serrato;Protección pulmonar y expansión;Costovertebral T1;Magnetoterapia;Lámina 184;Lámina 5-2;-;Arco costal derecho 1;Costilla Verdadera;Ámbar;Fisioterapia respiratoria;Protejo tu pulmón derecho, soy Verdadera.;Riesgo ALTO (Fisuras)
H058;Tórax;Costilla 1 Izquierda (Verdadera);Lateral;Surco costal, Cabeza, Cuello;Intercostales, Serrato;Protección pulmonar y expansión;Costovertebral T1;Magnetoterapia;Lámina 184;Lámina 5-2;-;Arco costal izquierdo 1;Costilla Verdadera;Ámbar;Fisioterapia respiratoria;Protejo tu pulmón izquierdo, soy Verdadera.;Riesgo ALTO (Fisuras)
H059;Tórax;Costilla 2 Derecha (Verdadera);Lateral;Surco costal, Cabeza, Cuello;Intercostales, Serrato;Protección pulmonar y expansión;Costovertebral T2;Magnetoterapia;Lámina 184;Lámina 5-2;-;Arco costal derecho 2;Costilla Verdadera;Ámbar;Fisioterapia respiratoria;Protejo tu pulmón derecho, soy Verdadera.;Riesgo ALTO (Fisuras)
H060;Tórax;Costilla 2 Izquierda (Verdadera);Lateral;Surco costal, Cabeza, Cuello;Intercostales, Serrato;Protección pulmonar y expansión;Costovertebral T2;Magnetoterapia;Lámina 184;Lámina 5-2;-;Arco costal izquierdo 2;Costilla Verdadera;Ámbar;Fisioterapia respiratoria;Protejo tu pulmón izquierdo, soy Verdadera.;Riesgo ALTO (Fisuras)
H061;Tórax;Costilla 3 Derecha (Verdadera);Lateral;Surco costal, Cabeza, Cuello;Intercostales, Serrato;Protección pulmonar y expansión;Costovertebral T3;Magnetoterapia;Lámina 184;Lámina 5-2;-;Arco costal derecho 3;Costilla Verdadera;Ámbar;Fisioterapia respiratoria;Protejo tu pulmón derecho, soy Verdadera.;Riesgo ALTO (Fisuras)
H062;Tórax;Costilla 3 Izquierda (Verdadera);Lateral;Surco costal, Cabeza, Cuello;Intercostales, Serrato;Protección pulmonar y expansión;Costovertebral T3;Magnetoterapia;Lámina 184;Lámina 5-2;-;Arco costal izquierdo 3;Costilla Verdadera;Ámbar;Fisioterapia respiratoria;Protejo tu pulmón izquierdo, soy Verdadera.;Riesgo ALTO (Fisuras)
H063;Tórax;Costilla 4 Derecha (Verdadera);Lateral;Surco costal, Cabeza, Cuello;Intercostales, Serrato;Protección pulmonar y expansión;Costovertebral T4;Magnetoterapia;Lámina 184;Lámina 5-2;-;Arco costal derecho 4;Costilla Verdadera;Ámbar;Fisioterapia respiratoria;Protejo tu pulmón derecho, soy Verdadera.;Riesgo ALTO (Fisuras)
H064;Tórax;Costilla 4 Izquierda (Verdadera);Lateral;Surco costal, Cabeza, Cuello;Intercostales, Serrato;Protección pulmonar y expansión;Costovertebral T4;Magnetoterapia;Lámina 184;Lámina 5-2;-;Arco costal izquierdo 4;Costilla Verdadera;Ámbar;Fisioterapia respiratoria;Protejo tu pulmón izquierdo, soy Verdadera.;Riesgo ALTO (Fisuras)
H065;Tórax;Costilla 5 Derecha (Verdadera);Lateral;Surco costal, Cabeza, Cuello;Intercostales, Serrato;Protección pulmonar y expansión;Costovertebral T5;Magnetoterapia;Lámina 184;Lámina 5-2;-;Arco costal derecho 5;Costilla Verdadera;Ámbar;Fisioterapia respiratoria;Protejo tu pulmón derecho, soy Verdadera.;Riesgo ALTO (Fisuras)
H066;Tórax;Costilla 5 Izquierda (Verdadera);Lateral;Surco costal, Cabeza, Cuello;Intercostales, Serrato;Protección pulmonar y expansión;Costovertebral T5;Magnetoterapia;Lámina 184;Lámina 5-2;-;Arco costal izquierdo 5;Costilla Verdadera;Ámbar;Fisioterapia respiratoria;Protejo tu pulmón izquierdo, soy Verdadera.;Riesgo ALTO (Fisuras)
H067;Tórax;Costilla 6 Derecha (Verdadera);Lateral;Surco costal, Cabeza, Cuello;Intercostales, Serrato;Protección pulmonar y expansión;Costovertebral T6;Magnetoterapia;Lámina 184;Lámina 5-2;-;Arco costal derecho 6;Costilla Verdadera;Ámbar;Fisioterapia respiratoria;Protejo tu pulmón derecho, soy Verdadera.;Riesgo ALTO (Fisuras)
H068;Tórax;Costilla 6 Izquierda (Verdadera);Lateral;Surco costal, Cabeza, Cuello;Intercostales, Serrato;Protección pulmonar y expansión;Costovertebral T6;Magnetoterapia;Lámina 184;Lámina 5-2;-;Arco costal izquierdo 6;Costilla Verdadera;Ámbar;Fisioterapia respiratoria;Protejo tu pulmón izquierdo, soy Verdadera.;Riesgo ALTO (Fisuras)
H069;Tórax;Costilla 7 Derecha (Verdadera);Lateral;Surco costal, Cabeza, Cuello;Intercostales, Serrato;Protección pulmonar y expansión;Costovertebral T7;Magnetoterapia;Lámina 184;Lámina 5-2;-;Arco costal derecho 7;Costilla Verdadera;Ámbar;Fisioterapia respiratoria;Protejo tu pulmón derecho, soy Verdadera.;Riesgo ALTO (Fisuras)
H070;Tórax;Costilla 7 Izquierda (Verdadera);Lateral;Surco costal, Cabeza, Cuello;Intercostales, Serrato;Protección pulmonar y expansión;Costovertebral T7;Magnetoterapia;Lámina 184;Lámina 5-2;-;Arco costal izquierdo 7;Costilla Verdadera;Ámbar;Fisioterapia respiratoria;Protejo tu pulmón izquierdo, soy Verdadera.;Riesgo ALTO (Fisuras)
H071;Tórax;Costilla 8 Derecha (Falsa);Lateral;Surco costal, Cabeza, Cuello;Intercostales, Serrato;Protección pulmonar y expansión;Costovertebral T8;Magnetoterapia;Lámina 184;Lámina 5-2;-;Arco costal derecho 8;Costilla Falsa;Ámbar;Fisioterapia respiratoria;Protejo tu pulmón derecho, soy Falsa.;Riesgo ALTO (Fisuras)
H072;Tórax;Costilla 8 Izquierda (Falsa);Lateral;Surco costal, Cabeza, Cuello;Intercostales, Serrato;Protección pulmonar y expansión;Costovertebral T8;Magnetoterapia;Lámina 184;Lámina 5-2;-;Arco costal izquierdo 8;Costilla Falsa;Ámbar;Fisioterapia respiratoria;Protejo tu pulmón izquierdo, soy Falsa.;Riesgo ALTO (Fisuras)
H073;Tórax;Costilla 9 Derecha (Falsa);Lateral;Surco costal, Cabeza, Cuello;Intercostales, Serrato;Protección pulmonar y expansión;Costovertebral T9;Magnetoterapia;Lámina 184;Lámina 5-2;-;Arco costal derecho 9;Costilla Falsa;Ámbar;Fisioterapia respiratoria;Protejo tu pulmón derecho, soy Falsa.;Riesgo ALTO (Fisuras)
H074;Tórax;Costilla 9 Izquierda (Falsa);Lateral;Surco costal, Cabeza, Cuello;Intercostales, Serrato;Protección pulmonar y expansión;Costovertebral T9;Magnetoterapia;Lámina 184;Lámina 5-2;-;Arco costal izquierdo 9;Costilla Falsa;Ámbar;Fisioterapia respiratoria;Protejo tu pulmón izquierdo, soy Falsa.;Riesgo ALTO (Fisuras)
H075;Tórax;Costilla 10 Derecha (Falsa);Lateral;Surco costal, Cabeza, Cuello;Intercostales, Serrato;Protección pulmonar y expansión;Costovertebral T10;Magnetoterapia;Lámina 184;Lámina 5-2;-;Arco costal derecho 10;Costilla Falsa;Ámbar;Fisioterapia respiratoria;Protejo tu pulmón derecho, soy Falsa.;Riesgo ALTO (Fisuras)
H076;Tórax;Costilla 10 Izquierda (Falsa);Lateral;Surco costal, Cabeza, Cuello;Intercostales, Serrato;Protección pulmonar y expansión;Costovertebral T10;Magnetoterapia;Lámina 184;Lámina 5-2;-;Arco costal izquierdo 10;Costilla Falsa;Ámbar;Fisioterapia respiratoria;Protejo tu pulmón izquierdo, soy Falsa.;Riesgo ALTO (Fisuras)
H077;Tórax;Costilla 11 Derecha (Flotante);Lateral;Surco costal, Cabeza, Cuello;Intercostales, Serrato;Protección pulmonar y expansión;Costovertebral T11;Magnetoterapia;Lámina 184;Lámina 5-2;-;Arco costal derecho 11;Costilla Flotante;Ámbar;Fisioterapia respiratoria;Protejo tu pulmón derecho, soy Flotante.;Riesgo ALTO (Fisuras)
H078;Tórax;Costilla 11 Izquierda (Flotante);Lateral;Surco costal, Cabeza, Cuello;Intercostales, Serrato;Protección pulmonar y expansión;Costovertebral T11;Magnetoterapia;Lámina 184;Lámina 5-2;-;Arco costal izquierdo 11;Costilla Flotante;Ámbar;Fisioterapia respiratoria;Protejo tu pulmón izquierdo, soy Flotante.;Riesgo ALTO (Fisuras)
H079;Tórax;Costilla 12 Derecha (Flotante);Lateral;Surco costal, Cabeza, Cuello;Intercostales, Serrato;Protección pulmonar y expansión;Costovertebral T12;Magnetoterapia;Lámina 184;Lámina 5-2;-;Arco costal derecho 12;Costilla Flotante;Ámbar;Fisioterapia respiratoria;Protejo tu pulmón derecho, soy Flotante.;Riesgo ALTO (Fisuras)
H080;Tórax;Costilla 12 Izquierda (Flotante);Lateral;Surco costal, Cabeza, Cuello;Intercostales, Serrato;Protección pulmonar y expansión;Costovertebral T12;Magnetoterapia;Lámina 184;Lámina 5-2;-;Arco costal izquierdo 12;Costilla Flotante;Ámbar;Fisioterapia respiratoria;Protejo tu pulmón izquierdo, soy Flotante.;Riesgo ALTO (Fisuras)
H081;Cintura Escapular;Clavícula Derecha;Anterosuperior;Extremidad acromial y esternal;Pectoral mayor, Trapecio superior;Puntal de la extremidad superior;Acromioclavicular, Esternoclavicular;Ultrasonido;Lámina 410;Lámina 6-1;C04.pdf;Cuerpo de clavícula Derecha;Hueso en S itálica;Rojo;Movilización acromioclavicular;Conecto tu brazo con tu cuerpo.;Riesgo MUY ALTO (Fractura en caída)
H082;Cintura Escapular;Escápula Derecha;Posterior;Espina, Acromion, Coracoides, Glenoides;Manguito rotador, Romboides, Trapecio;Base de movilidad del hombro;Glenohumeral, Acromioclavicular;Termoterapia / TENS;Lámina 411;Lámina 6-2;C04.pdf;Borde medial, Angulo inferior Derecha;Omóplato;Rojo;Reeducación escapulotorácica;Soy el cimiento móvil de tu hombro.;Riesgo MEDIO
H083;Cintura Escapular;Clavícula Izquierda;Anterosuperior;Extremidad acromial y esternal;Pectoral mayor, Trapecio superior;Puntal de la extremidad superior;Acromioclavicular, Esternoclavicular;Ultrasonido;Lámina 410;Lámina 6-1;C04.pdf;Cuerpo de clavícula Izquierda;Hueso en S itálica;Rojo;Movilización acromioclavicular;Conecto tu brazo con tu cuerpo.;Riesgo MUY ALTO (Fractura en caída)
H084;Cintura Escapular;Escápula Izquierda;Posterior;Espina, Acromion, Coracoides, Glenoides;Manguito rotador, Romboides, Trapecio;Base de movilidad del hombro;Glenohumeral, Acromioclavicular;Termoterapia / TENS;Lámina 411;Lámina 6-2;C04.pdf;Borde medial, Angulo inferior Izquierda;Omóplato;Rojo;Reeducación escapulotorácica;Soy el cimiento móvil de tu hombro.;Riesgo MEDIO
H085;Brazo;Húmero Derecho;Hueso Largo;Troquíter, Troquín, Corredera bicipital, Epicóndilos;Deltoides, Bíceps, Tríceps;Palanca principal del brazo;Glenohumeral, Humerocubital;Láser / Magneto;Lámina 413;Lámina 6-3;-;Epicóndilos lateral y medial Derecho;Hueso largo braquial;Rojo;Tratamiento de epicondilitis;Soy el hueso de tu brazo.;Riesgo ALTO
H086;Antebrazo;Radio Derecho;Hueso Largo;Cabeza radial, Apófisis estiloides;Braquiorradial, Supinador;Pronosupinación;Radiocubital, Radiocarpiana;Ultrasonido;Lámina 425;Lámina 6-4;-;Apófisis estiloides radial Derecho;Hueso lateral del antebrazo;Rojo;Movilización de muñeca;Sigo la línea de tu dedo pulgar.;Riesgo MUY ALTO (Fractura de Colles)
H087;Antebrazo;Cúbito Derecho;Hueso Largo;Olécranon, Apófisis coronoides;Flexor cubital, Tríceps;Estabilidad del codo;Humerocubital;TENS;Lámina 425;Lámina 6-4;-;Olécranon (codo) Derecho;Hueso medial del antebrazo;Rojo;Descarga de tríceps;Formo la punta de tu codo (olécranon).;Riesgo ALTO
H088;Brazo;Húmero Izquierdo;Hueso Largo;Troquíter, Troquín, Corredera bicipital, Epicóndilos;Deltoides, Bíceps, Tríceps;Palanca principal del brazo;Glenohumeral, Humerocubital;Láser / Magneto;Lámina 413;Lámina 6-3;-;Epicóndilos lateral y medial Izquierdo;Hueso largo braquial;Rojo;Tratamiento de epicondilitis;Soy el hueso de tu brazo.;Riesgo ALTO
H089;Antebrazo;Radio Izquierdo;Hueso Largo;Cabeza radial, Apófisis estiloides;Braquiorradial, Supinador;Pronosupinación;Radiocubital, Radiocarpiana;Ultrasonido;Lámina 425;Lámina 6-4;-;Apófisis estiloides radial Izquierdo;Hueso lateral del antebrazo;Rojo;Movilización de muñeca;Sigo la línea de tu dedo pulgar.;Riesgo MUY ALTO (Fractura de Colles)
H090;Antebrazo;Cúbito Izquierdo;Hueso Largo;Olécranon, Apófisis coronoides;Flexor cubital, Tríceps;Estabilidad del codo;Humerocubital;TENS;Lámina 425;Lámina 6-4;-;Olécranon (codo) Izquierdo;Hueso medial del antebrazo;Rojo;Descarga de tríceps;Formo la punta de tu codo (olécranon).;Riesgo ALTO
H091;Carpo (Muñeca);Escafoides de Mano Derecha;Hueso Corto;Tubérculos carpianos;Retináculo flexor, Flexores carpo;Deslizamiento de muñeca;Articulaciones mediocarpianas;Magnetoterapia / Láser;Lámina 441;Lámina 6-5;-;Hueso Escafoides en tabaquera o base;Huesos carpianos;Rojo;Movilización de carpos;Soy un pequeño hueso en la base de tu mano.;Riesgo ALTO (Especialmente Escafoides)
H092;Carpo (Muñeca);Semilunar de Mano Derecha;Hueso Corto;Tubérculos carpianos;Retináculo flexor, Flexores carpo;Deslizamiento de muñeca;Articulaciones mediocarpianas;Magnetoterapia / Láser;Lámina 441;Lámina 6-5;-;Hueso Semilunar en tabaquera o base;Huesos carpianos;Rojo;Movilización de carpos;Soy un pequeño hueso en la base de tu mano.;Riesgo ALTO (Especialmente Escafoides)
H093;Carpo (Muñeca);Piramidal de Mano Derecha;Hueso Corto;Tubérculos carpianos;Retináculo flexor, Flexores carpo;Deslizamiento de muñeca;Articulaciones mediocarpianas;Magnetoterapia / Láser;Lámina 441;Lámina 6-5;-;Hueso Piramidal en tabaquera o base;Huesos carpianos;Rojo;Movilización de carpos;Soy un pequeño hueso en la base de tu mano.;Riesgo ALTO (Especialmente Escafoides)
H094;Carpo (Muñeca);Pisiforme de Mano Derecha;Hueso Corto;Tubérculos carpianos;Retináculo flexor, Flexores carpo;Deslizamiento de muñeca;Articulaciones mediocarpianas;Magnetoterapia / Láser;Lámina 441;Lámina 6-5;-;Hueso Pisiforme en tabaquera o base;Huesos carpianos;Rojo;Movilización de carpos;Soy un pequeño hueso en la base de tu mano.;Riesgo ALTO (Especialmente Escafoides)
H095;Carpo (Muñeca);Trapecio de Mano Derecha;Hueso Corto;Tubérculos carpianos;Retináculo flexor, Flexores carpo;Deslizamiento de muñeca;Articulaciones mediocarpianas;Magnetoterapia / Láser;Lámina 441;Lámina 6-5;-;Hueso Trapecio en tabaquera o base;Huesos carpianos;Rojo;Movilización de carpos;Soy un pequeño hueso en la base de tu mano.;Riesgo ALTO (Especialmente Escafoides)
H096;Carpo (Muñeca);Trapezoide de Mano Derecha;Hueso Corto;Tubérculos carpianos;Retináculo flexor, Flexores carpo;Deslizamiento de muñeca;Articulaciones mediocarpianas;Magnetoterapia / Láser;Lámina 441;Lámina 6-5;-;Hueso Trapezoide en tabaquera o base;Huesos carpianos;Rojo;Movilización de carpos;Soy un pequeño hueso en la base de tu mano.;Riesgo ALTO (Especialmente Escafoides)
H097;Carpo (Muñeca);Grande de Mano Derecha;Hueso Corto;Tubérculos carpianos;Retináculo flexor, Flexores carpo;Deslizamiento de muñeca;Articulaciones mediocarpianas;Magnetoterapia / Láser;Lámina 441;Lámina 6-5;-;Hueso Grande en tabaquera o base;Huesos carpianos;Rojo;Movilización de carpos;Soy un pequeño hueso en la base de tu mano.;Riesgo ALTO (Especialmente Escafoides)
H098;Carpo (Muñeca);Ganchoso de Mano Derecha;Hueso Corto;Tubérculos carpianos;Retináculo flexor, Flexores carpo;Deslizamiento de muñeca;Articulaciones mediocarpianas;Magnetoterapia / Láser;Lámina 441;Lámina 6-5;-;Hueso Ganchoso en tabaquera o base;Huesos carpianos;Rojo;Movilización de carpos;Soy un pequeño hueso en la base de tu mano.;Riesgo ALTO (Especialmente Escafoides)
H099;Metacarpo;Metacarpiano 1 de Mano Derecha;Hueso Largo Corto;Base, Cuerpo, Cabeza;Interóseos, Lumbricales;Soporte de la palma;Metacarpofalángica;Ultrasonido;Lámina 442;Lámina 6-6;-;Nudillo 1 Derecha;Metacarpo;Ámbar;Deslizamiento dorsal;Soy el nudillo del dedo 1.;Riesgo MEDIO (Fractura de boxeador en el 5to)
H100;Metacarpo;Metacarpiano 2 de Mano Derecha;Hueso Largo Corto;Base, Cuerpo, Cabeza;Interóseos, Lumbricales;Soporte de la palma;Metacarpofalángica;Ultrasonido;Lámina 442;Lámina 6-6;-;Nudillo 2 Derecha;Metacarpo;Ámbar;Deslizamiento dorsal;Soy el nudillo del dedo 2.;Riesgo MEDIO (Fractura de boxeador en el 5to)
H101;Metacarpo;Metacarpiano 3 de Mano Derecha;Hueso Largo Corto;Base, Cuerpo, Cabeza;Interóseos, Lumbricales;Soporte de la palma;Metacarpofalángica;Ultrasonido;Lámina 442;Lámina 6-6;-;Nudillo 3 Derecha;Metacarpo;Ámbar;Deslizamiento dorsal;Soy el nudillo del dedo 3.;Riesgo MEDIO (Fractura de boxeador en el 5to)
H102;Metacarpo;Metacarpiano 4 de Mano Derecha;Hueso Largo Corto;Base, Cuerpo, Cabeza;Interóseos, Lumbricales;Soporte de la palma;Metacarpofalángica;Ultrasonido;Lámina 442;Lámina 6-6;-;Nudillo 4 Derecha;Metacarpo;Ámbar;Deslizamiento dorsal;Soy el nudillo del dedo 4.;Riesgo MEDIO (Fractura de boxeador en el 5to)
H103;Metacarpo;Metacarpiano 5 de Mano Derecha;Hueso Largo Corto;Base, Cuerpo, Cabeza;Interóseos, Lumbricales;Soporte de la palma;Metacarpofalángica;Ultrasonido;Lámina 442;Lámina 6-6;-;Nudillo 5 Derecha;Metacarpo;Ámbar;Deslizamiento dorsal;Soy el nudillo del dedo 5.;Riesgo MEDIO (Fractura de boxeador en el 5to)
H104;Falanges (Mano);Falange Proximal 1 de Mano Derecha;Hueso Largo Corto;Base, Cabeza;Interóseos;Flexión de dedos;Interfalángica proximal;Baño parafina;Lámina 442;Lámina 6-6;-;Primer segmento dedo 1;Falange;Verde;Ejercicios de pinza fina;Primera sección de tu dedo 1.;Riesgo MEDIO
H105;Falanges (Mano);Falange Distal 1 de Mano Derecha;Hueso Largo Corto;Tuberosidad ungueal;Flexor profundo de dedos;Sensibilidad y agarre fino;Interfalángica distal;Baño parafina;Lámina 442;Lámina 6-6;-;Punta del dedo 1;Falange;Verde;Desensibilización;Soporto la uña de tu dedo 1.;Riesgo MEDIO (Aplastamiento)
H106;Falanges (Mano);Falange Proximal 2 de Mano Derecha;Hueso Largo Corto;Base, Cabeza;Interóseos;Flexión de dedos;Interfalángica proximal;Baño parafina;Lámina 442;Lámina 6-6;-;Primer segmento dedo 2;Falange;Verde;Ejercicios de pinza fina;Primera sección de tu dedo 2.;Riesgo MEDIO
H107;Falanges (Mano);Falange Media 2 de Mano Derecha;Hueso Largo Corto;Base, Cabeza;Flexor superficial de dedos;Flexión de dedos;Interfalángica distal;Baño parafina;Lámina 442;Lámina 6-6;-;Segmento medio dedo 2;Falange;Verde;Ejercicios de pinza fina;Sección media de tu dedo 2.;Riesgo MEDIO
H108;Falanges (Mano);Falange Distal 2 de Mano Derecha;Hueso Largo Corto;Tuberosidad ungueal;Flexor profundo de dedos;Sensibilidad y agarre fino;Interfalángica distal;Baño parafina;Lámina 442;Lámina 6-6;-;Punta del dedo 2;Falange;Verde;Desensibilización;Soporto la uña de tu dedo 2.;Riesgo MEDIO (Aplastamiento)
H109;Falanges (Mano);Falange Proximal 3 de Mano Derecha;Hueso Largo Corto;Base, Cabeza;Interóseos;Flexión de dedos;Interfalángica proximal;Baño parafina;Lámina 442;Lámina 6-6;-;Primer segmento dedo 3;Falange;Verde;Ejercicios de pinza fina;Primera sección de tu dedo 3.;Riesgo MEDIO
H110;Falanges (Mano);Falange Media 3 de Mano Derecha;Hueso Largo Corto;Base, Cabeza;Flexor superficial de dedos;Flexión de dedos;Interfalángica distal;Baño parafina;Lámina 442;Lámina 6-6;-;Segmento medio dedo 3;Falange;Verde;Ejercicios de pinza fina;Sección media de tu dedo 3.;Riesgo MEDIO
H111;Falanges (Mano);Falange Distal 3 de Mano Derecha;Hueso Largo Corto;Tuberosidad ungueal;Flexor profundo de dedos;Sensibilidad y agarre fino;Interfalángica distal;Baño parafina;Lámina 442;Lámina 6-6;-;Punta del dedo 3;Falange;Verde;Desensibilización;Soporto la uña de tu dedo 3.;Riesgo MEDIO (Aplastamiento)
H112;Falanges (Mano);Falange Proximal 4 de Mano Derecha;Hueso Largo Corto;Base, Cabeza;Interóseos;Flexión de dedos;Interfalángica proximal;Baño parafina;Lámina 442;Lámina 6-6;-;Primer segmento dedo 4;Falange;Verde;Ejercicios de pinza fina;Primera sección de tu dedo 4.;Riesgo MEDIO
H113;Falanges (Mano);Falange Media 4 de Mano Derecha;Hueso Largo Corto;Base, Cabeza;Flexor superficial de dedos;Flexión de dedos;Interfalángica distal;Baño parafina;Lámina 442;Lámina 6-6;-;Segmento medio dedo 4;Falange;Verde;Ejercicios de pinza fina;Sección media de tu dedo 4.;Riesgo MEDIO
H114;Falanges (Mano);Falange Distal 4 de Mano Derecha;Hueso Largo Corto;Tuberosidad ungueal;Flexor profundo de dedos;Sensibilidad y agarre fino;Interfalángica distal;Baño parafina;Lámina 442;Lámina 6-6;-;Punta del dedo 4;Falange;Verde;Desensibilización;Soporto la uña de tu dedo 4.;Riesgo MEDIO (Aplastamiento)
H115;Falanges (Mano);Falange Proximal 5 de Mano Derecha;Hueso Largo Corto;Base, Cabeza;Interóseos;Flexión de dedos;Interfalángica proximal;Baño parafina;Lámina 442;Lámina 6-6;-;Primer segmento dedo 5;Falange;Verde;Ejercicios de pinza fina;Primera sección de tu dedo 5.;Riesgo MEDIO
H116;Falanges (Mano);Falange Media 5 de Mano Derecha;Hueso Largo Corto;Base, Cabeza;Flexor superficial de dedos;Flexión de dedos;Interfalángica distal;Baño parafina;Lámina 442;Lámina 6-6;-;Segmento medio dedo 5;Falange;Verde;Ejercicios de pinza fina;Sección media de tu dedo 5.;Riesgo MEDIO
H117;Falanges (Mano);Falange Distal 5 de Mano Derecha;Hueso Largo Corto;Tuberosidad ungueal;Flexor profundo de dedos;Sensibilidad y agarre fino;Interfalángica distal;Baño parafina;Lámina 442;Lámina 6-6;-;Punta del dedo 5;Falange;Verde;Desensibilización;Soporto la uña de tu dedo 5.;Riesgo MEDIO (Aplastamiento)
H118;Carpo (Muñeca);Escafoides de Mano Izquierda;Hueso Corto;Tubérculos carpianos;Retináculo flexor, Flexores carpo;Deslizamiento de muñeca;Articulaciones mediocarpianas;Magnetoterapia / Láser;Lámina 441;Lámina 6-5;-;Hueso Escafoides en tabaquera o base;Huesos carpianos;Rojo;Movilización de carpos;Soy un pequeño hueso en la base de tu mano.;Riesgo ALTO (Especialmente Escafoides)
H119;Carpo (Muñeca);Semilunar de Mano Izquierda;Hueso Corto;Tubérculos carpianos;Retináculo flexor, Flexores carpo;Deslizamiento de muñeca;Articulaciones mediocarpianas;Magnetoterapia / Láser;Lámina 441;Lámina 6-5;-;Hueso Semilunar en tabaquera o base;Huesos carpianos;Rojo;Movilización de carpos;Soy un pequeño hueso en la base de tu mano.;Riesgo ALTO (Especialmente Escafoides)
H120;Carpo (Muñeca);Piramidal de Mano Izquierda;Hueso Corto;Tubérculos carpianos;Retináculo flexor, Flexores carpo;Deslizamiento de muñeca;Articulaciones mediocarpianas;Magnetoterapia / Láser;Lámina 441;Lámina 6-5;-;Hueso Piramidal en tabaquera o base;Huesos carpianos;Rojo;Movilización de carpos;Soy un pequeño hueso en la base de tu mano.;Riesgo ALTO (Especialmente Escafoides)
H121;Carpo (Muñeca);Pisiforme de Mano Izquierda;Hueso Corto;Tubérculos carpianos;Retináculo flexor, Flexores carpo;Deslizamiento de muñeca;Articulaciones mediocarpianas;Magnetoterapia / Láser;Lámina 441;Lámina 6-5;-;Hueso Pisiforme en tabaquera o base;Huesos carpianos;Rojo;Movilización de carpos;Soy un pequeño hueso en la base de tu mano.;Riesgo ALTO (Especialmente Escafoides)
H122;Carpo (Muñeca);Trapecio de Mano Izquierda;Hueso Corto;Tubérculos carpianos;Retináculo flexor, Flexores carpo;Deslizamiento de muñeca;Articulaciones mediocarpianas;Magnetoterapia / Láser;Lámina 441;Lámina 6-5;-;Hueso Trapecio en tabaquera o base;Huesos carpianos;Rojo;Movilización de carpos;Soy un pequeño hueso en la base de tu mano.;Riesgo ALTO (Especialmente Escafoides)
H123;Carpo (Muñeca);Trapezoide de Mano Izquierda;Hueso Corto;Tubérculos carpianos;Retináculo flexor, Flexores carpo;Deslizamiento de muñeca;Articulaciones mediocarpianas;Magnetoterapia / Láser;Lámina 441;Lámina 6-5;-;Hueso Trapezoide en tabaquera o base;Huesos carpianos;Rojo;Movilización de carpos;Soy un pequeño hueso en la base de tu mano.;Riesgo ALTO (Especialmente Escafoides)
H124;Carpo (Muñeca);Grande de Mano Izquierda;Hueso Corto;Tubérculos carpianos;Retináculo flexor, Flexores carpo;Deslizamiento de muñeca;Articulaciones mediocarpianas;Magnetoterapia / Láser;Lámina 441;Lámina 6-5;-;Hueso Grande en tabaquera o base;Huesos carpianos;Rojo;Movilización de carpos;Soy un pequeño hueso en la base de tu mano.;Riesgo ALTO (Especialmente Escafoides)
H125;Carpo (Muñeca);Ganchoso de Mano Izquierda;Hueso Corto;Tubérculos carpianos;Retináculo flexor, Flexores carpo;Deslizamiento de muñeca;Articulaciones mediocarpianas;Magnetoterapia / Láser;Lámina 441;Lámina 6-5;-;Hueso Ganchoso en tabaquera o base;Huesos carpianos;Rojo;Movilización de carpos;Soy un pequeño hueso en la base de tu mano.;Riesgo ALTO (Especialmente Escafoides)
H126;Metacarpo;Metacarpiano 1 de Mano Izquierda;Hueso Largo Corto;Base, Cuerpo, Cabeza;Interóseos, Lumbricales;Soporte de la palma;Metacarpofalángica;Ultrasonido;Lámina 442;Lámina 6-6;-;Nudillo 1 Izquierda;Metacarpo;Ámbar;Deslizamiento dorsal;Soy el nudillo del dedo 1.;Riesgo MEDIO (Fractura de boxeador en el 5to)
H127;Metacarpo;Metacarpiano 2 de Mano Izquierda;Hueso Largo Corto;Base, Cuerpo, Cabeza;Interóseos, Lumbricales;Soporte de la palma;Metacarpofalángica;Ultrasonido;Lámina 442;Lámina 6-6;-;Nudillo 2 Izquierda;Metacarpo;Ámbar;Deslizamiento dorsal;Soy el nudillo del dedo 2.;Riesgo MEDIO (Fractura de boxeador en el 5to)
H128;Metacarpo;Metacarpiano 3 de Mano Izquierda;Hueso Largo Corto;Base, Cuerpo, Cabeza;Interóseos, Lumbricales;Soporte de la palma;Metacarpofalángica;Ultrasonido;Lámina 442;Lámina 6-6;-;Nudillo 3 Izquierda;Metacarpo;Ámbar;Deslizamiento dorsal;Soy el nudillo del dedo 3.;Riesgo MEDIO (Fractura de boxeador en el 5to)
H129;Metacarpo;Metacarpiano 4 de Mano Izquierda;Hueso Largo Corto;Base, Cuerpo, Cabeza;Interóseos, Lumbricales;Soporte de la palma;Metacarpofalángica;Ultrasonido;Lámina 442;Lámina 6-6;-;Nudillo 4 Izquierda;Metacarpo;Ámbar;Deslizamiento dorsal;Soy el nudillo del dedo 4.;Riesgo MEDIO (Fractura de boxeador en el 5to)
H130;Metacarpo;Metacarpiano 5 de Mano Izquierda;Hueso Largo Corto;Base, Cuerpo, Cabeza;Interóseos, Lumbricales;Soporte de la palma;Metacarpofalángica;Ultrasonido;Lámina 442;Lámina 6-6;-;Nudillo 5 Izquierda;Metacarpo;Ámbar;Deslizamiento dorsal;Soy el nudillo del dedo 5.;Riesgo MEDIO (Fractura de boxeador en el 5to)
H131;Falanges (Mano);Falange Proximal 1 de Mano Izquierda;Hueso Largo Corto;Base, Cabeza;Interóseos;Flexión de dedos;Interfalángica proximal;Baño parafina;Lámina 442;Lámina 6-6;-;Primer segmento dedo 1;Falange;Verde;Ejercicios de pinza fina;Primera sección de tu dedo 1.;Riesgo MEDIO
H132;Falanges (Mano);Falange Distal 1 de Mano Izquierda;Hueso Largo Corto;Tuberosidad ungueal;Flexor profundo de dedos;Sensibilidad y agarre fino;Interfalángica distal;Baño parafina;Lámina 442;Lámina 6-6;-;Punta del dedo 1;Falange;Verde;Desensibilización;Soporto la uña de tu dedo 1.;Riesgo MEDIO (Aplastamiento)
H133;Falanges (Mano);Falange Proximal 2 de Mano Izquierda;Hueso Largo Corto;Base, Cabeza;Interóseos;Flexión de dedos;Interfalángica proximal;Baño parafina;Lámina 442;Lámina 6-6;-;Primer segmento dedo 2;Falange;Verde;Ejercicios de pinza fina;Primera sección de tu dedo 2.;Riesgo MEDIO
H134;Falanges (Mano);Falange Media 2 de Mano Izquierda;Hueso Largo Corto;Base, Cabeza;Flexor superficial de dedos;Flexión de dedos;Interfalángica distal;Baño parafina;Lámina 442;Lámina 6-6;-;Segmento medio dedo 2;Falange;Verde;Ejercicios de pinza fina;Sección media de tu dedo 2.;Riesgo MEDIO
H135;Falanges (Mano);Falange Distal 2 de Mano Izquierda;Hueso Largo Corto;Tuberosidad ungueal;Flexor profundo de dedos;Sensibilidad y agarre fino;Interfalángica distal;Baño parafina;Lámina 442;Lámina 6-6;-;Punta del dedo 2;Falange;Verde;Desensibilización;Soporto la uña de tu dedo 2.;Riesgo MEDIO (Aplastamiento)
H136;Falanges (Mano);Falange Proximal 3 de Mano Izquierda;Hueso Largo Corto;Base, Cabeza;Interóseos;Flexión de dedos;Interfalángica proximal;Baño parafina;Lámina 442;Lámina 6-6;-;Primer segmento dedo 3;Falange;Verde;Ejercicios de pinza fina;Primera sección de tu dedo 3.;Riesgo MEDIO
H137;Falanges (Mano);Falange Media 3 de Mano Izquierda;Hueso Largo Corto;Base, Cabeza;Flexor superficial de dedos;Flexión de dedos;Interfalángica distal;Baño parafina;Lámina 442;Lámina 6-6;-;Segmento medio dedo 3;Falange;Verde;Ejercicios de pinza fina;Sección media de tu dedo 3.;Riesgo MEDIO
H138;Falanges (Mano);Falange Distal 3 de Mano Izquierda;Hueso Largo Corto;Tuberosidad ungueal;Flexor profundo de dedos;Sensibilidad y agarre fino;Interfalángica distal;Baño parafina;Lámina 442;Lámina 6-6;-;Punta del dedo 3;Falange;Verde;Desensibilización;Soporto la uña de tu dedo 3.;Riesgo MEDIO (Aplastamiento)
H139;Falanges (Mano);Falange Proximal 4 de Mano Izquierda;Hueso Largo Corto;Base, Cabeza;Interóseos;Flexión de dedos;Interfalángica proximal;Baño parafina;Lámina 442;Lámina 6-6;-;Primer segmento dedo 4;Falange;Verde;Ejercicios de pinza fina;Primera sección de tu dedo 4.;Riesgo MEDIO
H140;Falanges (Mano);Falange Media 4 de Mano Izquierda;Hueso Largo Corto;Base, Cabeza;Flexor superficial de dedos;Flexión de dedos;Interfalángica distal;Baño parafina;Lámina 442;Lámina 6-6;-;Segmento medio dedo 4;Falange;Verde;Ejercicios de pinza fina;Sección media de tu dedo 4.;Riesgo MEDIO
H141;Falanges (Mano);Falange Distal 4 de Mano Izquierda;Hueso Largo Corto;Tuberosidad ungueal;Flexor profundo de dedos;Sensibilidad y agarre fino;Interfalángica distal;Baño parafina;Lámina 442;Lámina 6-6;-;Punta del dedo 4;Falange;Verde;Desensibilización;Soporto la uña de tu dedo 4.;Riesgo MEDIO (Aplastamiento)
H142;Falanges (Mano);Falange Proximal 5 de Mano Izquierda;Hueso Largo Corto;Base, Cabeza;Interóseos;Flexión de dedos;Interfalángica proximal;Baño parafina;Lámina 442;Lámina 6-6;-;Primer segmento dedo 5;Falange;Verde;Ejercicios de pinza fina;Primera sección de tu dedo 5.;Riesgo MEDIO
H143;Falanges (Mano);Falange Media 5 de Mano Izquierda;Hueso Largo Corto;Base, Cabeza;Flexor superficial de dedos;Flexión de dedos;Interfalángica distal;Baño parafina;Lámina 442;Lámina 6-6;-;Segmento medio dedo 5;Falange;Verde;Ejercicios de pinza fina;Sección media de tu dedo 5.;Riesgo MEDIO
H144;Falanges (Mano);Falange Distal 5 de Mano Izquierda;Hueso Largo Corto;Tuberosidad ungueal;Flexor profundo de dedos;Sensibilidad y agarre fino;Interfalángica distal;Baño parafina;Lámina 442;Lámina 6-6;-;Punta del dedo 5;Falange;Verde;Desensibilización;Soporto la uña de tu dedo 5.;Riesgo MEDIO (Aplastamiento)
H145;Cintura Pélvica;Coxal Derecho (Ilion, Isquion, Pubis);Plano;Cresta ilíaca, EIAS, Acetábulo, Tuberosidad isquiática;Glúteos, Psoas, Isquiotibiales;Transferencia de carga tronco-pierna;Coxofemoral, Sacroilíaca;Magnetoterapia;Lámina 473;Lámina 7-1;C04.pdf;Cresta ilíaca, EIAS Derecho;Hueso pélvico;Rojo;Reeducación pélvica;Soy la fusión de 3 huesos que forma tu cadera.;Riesgo GRAVE (Fractura de pelvis)
H146;Cintura Pélvica;Coxal Izquierdo (Ilion, Isquion, Pubis);Plano;Cresta ilíaca, EIAS, Acetábulo, Tuberosidad isquiática;Glúteos, Psoas, Isquiotibiales;Transferencia de carga tronco-pierna;Coxofemoral, Sacroilíaca;Magnetoterapia;Lámina 473;Lámina 7-1;C04.pdf;Cresta ilíaca, EIAS Izquierdo;Hueso pélvico;Rojo;Reeducación pélvica;Soy la fusión de 3 huesos que forma tu cadera.;Riesgo GRAVE (Fractura de pelvis)
H147;Muslo;Fémur Derecho;Hueso Largo;Cabeza, Cuello, Trocánter Mayor y Menor, Cóndilos;Cuádriceps, Isquiotibiales, Glúteos;Soporte de peso, Marcha;Coxofemoral, Femorotibial;Magneto / Ultrasonido;Lámina 475;Lámina 7-2;-;Trocánter mayor Derecho;Fémur;Rojo;Fortalecimiento carga;Soy el hueso más largo y fuerte de tu cuerpo.;Riesgo ALTO (Fractura de cuello femoral en geriátricos)
H148;Rodilla;Rótula (Patela) Derecho;Sesamoideo;Polo superior, Polo inferior;Cuádriceps, Tendón rotuliano;Aumenta el brazo de palanca del cuádriceps;Femoropatelar;TENS / Hielo;Lámina 495;Lámina 7-3;-;Rótula Derecho;Sesamoideo;Rojo;Movilización rotuliana;Soy la 'tapa' de tu rodilla.;Riesgo ALTO (Luxación o Condromalacia)
H149;Pierna;Tibia Derecho;Hueso Largo;Meseta tibial, Tuberosidad anterior, Maléolo medial;Cuádriceps (inserción), Tibial anterior;Transmisión total del peso a pie;Femorotibial, Tibioperoneaastragalina;Magnetoterapia;Lámina 503;Lámina 7-4;-;Maléolo medial Derecho, Espinilla;Tibia;Rojo;Descarga de peso progresiva;Soy tu 'espinilla', la que siempre te golpeas.;Riesgo ALTO
H150;Pierna;Peroné (Fíbula) Derecho;Hueso Largo;Cabeza del peroné, Maléolo lateral;Peroneos, Bíceps femoral;Estabilidad lateral del tobillo;Tibioperonea (proximal y distal);Ultrasonido;Lámina 503;Lámina 7-4;-;Maléolo lateral Derecho;Fíbula;Ámbar;Estabilización de tobillo;No soporto peso, pero aseguro tu tobillo.;Riesgo ALTO (Esguince/Fractura de tobillo)
H151;Muslo;Fémur Izquierdo;Hueso Largo;Cabeza, Cuello, Trocánter Mayor y Menor, Cóndilos;Cuádriceps, Isquiotibiales, Glúteos;Soporte de peso, Marcha;Coxofemoral, Femorotibial;Magneto / Ultrasonido;Lámina 475;Lámina 7-2;-;Trocánter mayor Izquierdo;Fémur;Rojo;Fortalecimiento carga;Soy el hueso más largo y fuerte de tu cuerpo.;Riesgo ALTO (Fractura de cuello femoral en geriátricos)
H152;Rodilla;Rótula (Patela) Izquierdo;Sesamoideo;Polo superior, Polo inferior;Cuádriceps, Tendón rotuliano;Aumenta el brazo de palanca del cuádriceps;Femoropatelar;TENS / Hielo;Lámina 495;Lámina 7-3;-;Rótula Izquierdo;Sesamoideo;Rojo;Movilización rotuliana;Soy la 'tapa' de tu rodilla.;Riesgo ALTO (Luxación o Condromalacia)
H153;Pierna;Tibia Izquierdo;Hueso Largo;Meseta tibial, Tuberosidad anterior, Maléolo medial;Cuádriceps (inserción), Tibial anterior;Transmisión total del peso a pie;Femorotibial, Tibioperoneaastragalina;Magnetoterapia;Lámina 503;Lámina 7-4;-;Maléolo medial Izquierdo, Espinilla;Tibia;Rojo;Descarga de peso progresiva;Soy tu 'espinilla', la que siempre te golpeas.;Riesgo ALTO
H154;Pierna;Peroné (Fíbula) Izquierdo;Hueso Largo;Cabeza del peroné, Maléolo lateral;Peroneos, Bíceps femoral;Estabilidad lateral del tobillo;Tibioperonea (proximal y distal);Ultrasonido;Lámina 503;Lámina 7-4;-;Maléolo lateral Izquierdo;Fíbula;Ámbar;Estabilización de tobillo;No soporto peso, pero aseguro tu tobillo.;Riesgo ALTO (Esguince/Fractura de tobillo)
H155;Tarso (Tobillo/Pie);Astrágalo de Pie Derecho;Hueso Corto;Tuberosidades articulares;Tibial posterior, Tríceps sural (Calcáneo);Amortiguación, marcha, arcos plantares;Subastragalina, Mediotarsiana;Láser / Magneto;Lámina 511;Lámina 7-5;-;Astrágalo Derecho;Tarsianos;Rojo;Terapia propioceptiva;Soy una pieza clave del arco de tu pie.;Riesgo ALTO (Fascitis / Fractura estrés)
H156;Tarso (Tobillo/Pie);Calcáneo de Pie Derecho;Hueso Corto;Tuberosidades articulares;Tibial posterior, Tríceps sural (Calcáneo);Amortiguación, marcha, arcos plantares;Subastragalina, Mediotarsiana;Láser / Magneto;Lámina 511;Lámina 7-5;-;Calcáneo Derecho;Tarsianos;Rojo;Terapia propioceptiva;Soy una pieza clave del arco de tu pie.;Riesgo ALTO (Fascitis / Fractura estrés)
H157;Tarso (Tobillo/Pie);Navicular de Pie Derecho;Hueso Corto;Tuberosidades articulares;Tibial posterior, Tríceps sural (Calcáneo);Amortiguación, marcha, arcos plantares;Subastragalina, Mediotarsiana;Láser / Magneto;Lámina 511;Lámina 7-5;-;Navicular Derecho;Tarsianos;Rojo;Terapia propioceptiva;Soy una pieza clave del arco de tu pie.;Riesgo ALTO (Fascitis / Fractura estrés)
H158;Tarso (Tobillo/Pie);Cuboides de Pie Derecho;Hueso Corto;Tuberosidades articulares;Tibial posterior, Tríceps sural (Calcáneo);Amortiguación, marcha, arcos plantares;Subastragalina, Mediotarsiana;Láser / Magneto;Lámina 511;Lámina 7-5;-;Cuboides Derecho;Tarsianos;Rojo;Terapia propioceptiva;Soy una pieza clave del arco de tu pie.;Riesgo ALTO (Fascitis / Fractura estrés)
H159;Tarso (Tobillo/Pie);Cuneiforme Medial de Pie Derecho;Hueso Corto;Tuberosidades articulares;Tibial posterior, Tríceps sural (Calcáneo);Amortiguación, marcha, arcos plantares;Subastragalina, Mediotarsiana;Láser / Magneto;Lámina 511;Lámina 7-5;-;Cuneiforme Medial Derecho;Tarsianos;Rojo;Terapia propioceptiva;Soy una pieza clave del arco de tu pie.;Riesgo ALTO (Fascitis / Fractura estrés)
H160;Tarso (Tobillo/Pie);Cuneiforme Intermedio de Pie Derecho;Hueso Corto;Tuberosidades articulares;Tibial posterior, Tríceps sural (Calcáneo);Amortiguación, marcha, arcos plantares;Subastragalina, Mediotarsiana;Láser / Magneto;Lámina 511;Lámina 7-5;-;Cuneiforme Intermedio Derecho;Tarsianos;Rojo;Terapia propioceptiva;Soy una pieza clave del arco de tu pie.;Riesgo ALTO (Fascitis / Fractura estrés)
H161;Tarso (Tobillo/Pie);Cuneiforme Lateral de Pie Derecho;Hueso Corto;Tuberosidades articulares;Tibial posterior, Tríceps sural (Calcáneo);Amortiguación, marcha, arcos plantares;Subastragalina, Mediotarsiana;Láser / Magneto;Lámina 511;Lámina 7-5;-;Cuneiforme Lateral Derecho;Tarsianos;Rojo;Terapia propioceptiva;Soy una pieza clave del arco de tu pie.;Riesgo ALTO (Fascitis / Fractura estrés)
H162;Metatarso;Metatarsiano 1 de Pie Derecho;Hueso Largo Corto;Base, Cuerpo, Cabeza;Fascia plantar, Interóseos;Impulso de la marcha (Fase despegue);Metatarsofalángica;Ultrasonido / TENS;Lámina 512;Lámina 7-6;-;Cabeza metatarsal 1 Derecho;Metatarso;Rojo;Masaje fricción plantar;Soy el soporte de la almohadilla de tu pie 1.;Riesgo MEDIO (Metatarsalgia)
H163;Metatarso;Metatarsiano 2 de Pie Derecho;Hueso Largo Corto;Base, Cuerpo, Cabeza;Fascia plantar, Interóseos;Impulso de la marcha (Fase despegue);Metatarsofalángica;Ultrasonido / TENS;Lámina 512;Lámina 7-6;-;Cabeza metatarsal 2 Derecho;Metatarso;Rojo;Masaje fricción plantar;Soy el soporte de la almohadilla de tu pie 2.;Riesgo MEDIO (Metatarsalgia)
H164;Metatarso;Metatarsiano 3 de Pie Derecho;Hueso Largo Corto;Base, Cuerpo, Cabeza;Fascia plantar, Interóseos;Impulso de la marcha (Fase despegue);Metatarsofalángica;Ultrasonido / TENS;Lámina 512;Lámina 7-6;-;Cabeza metatarsal 3 Derecho;Metatarso;Rojo;Masaje fricción plantar;Soy el soporte de la almohadilla de tu pie 3.;Riesgo MEDIO (Metatarsalgia)
H165;Metatarso;Metatarsiano 4 de Pie Derecho;Hueso Largo Corto;Base, Cuerpo, Cabeza;Fascia plantar, Interóseos;Impulso de la marcha (Fase despegue);Metatarsofalángica;Ultrasonido / TENS;Lámina 512;Lámina 7-6;-;Cabeza metatarsal 4 Derecho;Metatarso;Rojo;Masaje fricción plantar;Soy el soporte de la almohadilla de tu pie 4.;Riesgo MEDIO (Metatarsalgia)
H166;Metatarso;Metatarsiano 5 de Pie Derecho;Hueso Largo Corto;Base, Cuerpo, Cabeza;Fascia plantar, Interóseos;Impulso de la marcha (Fase despegue);Metatarsofalángica;Ultrasonido / TENS;Lámina 512;Lámina 7-6;-;Cabeza metatarsal 5 Derecho;Metatarso;Rojo;Masaje fricción plantar;Soy el soporte de la almohadilla de tu pie 5.;Riesgo MEDIO (Metatarsalgia)
H167;Falanges (Pie);Falange Proximal 1 de Pie Derecho;Hueso Largo Corto;Base, Cabeza;Lumbricales pie;Agarre en el suelo;Interfalángica;Láser;Lámina 512;Lámina 7-6;-;Dedo pie 1;Falange;Verde;Reeducación de marcha;Primera sección de tu dedo del pie 1.;Riesgo MEDIO
H168;Falanges (Pie);Falange Distal 1 de Pie Derecho;Hueso Largo Corto;Base;Flexores largos;Punto final de despegue marcha;Interfalángica;Láser;Lámina 512;Lámina 7-6;-;Punta dedo pie 1;Falange;Verde;Reeducación de marcha;Soporto la uña de tu dedo del pie 1.;Riesgo MEDIO (Golpes directos)
H169;Falanges (Pie);Falange Proximal 2 de Pie Derecho;Hueso Largo Corto;Base, Cabeza;Lumbricales pie;Agarre en el suelo;Interfalángica;Láser;Lámina 512;Lámina 7-6;-;Dedo pie 2;Falange;Verde;Reeducación de marcha;Primera sección de tu dedo del pie 2.;Riesgo MEDIO
H170;Falanges (Pie);Falange Media 2 de Pie Derecho;Hueso Largo Corto;Base, Cabeza;Flexores cortos;Agarre en el suelo;Interfalángica;Láser;Lámina 512;Lámina 7-6;-;Medio dedo pie 2;Falange;Verde;Reeducación de marcha;Sección media de tu dedo del pie 2.;Riesgo MEDIO
H171;Falanges (Pie);Falange Distal 2 de Pie Derecho;Hueso Largo Corto;Base;Flexores largos;Punto final de despegue marcha;Interfalángica;Láser;Lámina 512;Lámina 7-6;-;Punta dedo pie 2;Falange;Verde;Reeducación de marcha;Soporto la uña de tu dedo del pie 2.;Riesgo MEDIO (Golpes directos)
H172;Falanges (Pie);Falange Proximal 3 de Pie Derecho;Hueso Largo Corto;Base, Cabeza;Lumbricales pie;Agarre en el suelo;Interfalángica;Láser;Lámina 512;Lámina 7-6;-;Dedo pie 3;Falange;Verde;Reeducación de marcha;Primera sección de tu dedo del pie 3.;Riesgo MEDIO
H173;Falanges (Pie);Falange Media 3 de Pie Derecho;Hueso Largo Corto;Base, Cabeza;Flexores cortos;Agarre en el suelo;Interfalángica;Láser;Lámina 512;Lámina 7-6;-;Medio dedo pie 3;Falange;Verde;Reeducación de marcha;Sección media de tu dedo del pie 3.;Riesgo MEDIO
H174;Falanges (Pie);Falange Distal 3 de Pie Derecho;Hueso Largo Corto;Base;Flexores largos;Punto final de despegue marcha;Interfalángica;Láser;Lámina 512;Lámina 7-6;-;Punta dedo pie 3;Falange;Verde;Reeducación de marcha;Soporto la uña de tu dedo del pie 3.;Riesgo MEDIO (Golpes directos)
H175;Falanges (Pie);Falange Proximal 4 de Pie Derecho;Hueso Largo Corto;Base, Cabeza;Lumbricales pie;Agarre en el suelo;Interfalángica;Láser;Lámina 512;Lámina 7-6;-;Dedo pie 4;Falange;Verde;Reeducación de marcha;Primera sección de tu dedo del pie 4.;Riesgo MEDIO
H176;Falanges (Pie);Falange Media 4 de Pie Derecho;Hueso Largo Corto;Base, Cabeza;Flexores cortos;Agarre en el suelo;Interfalángica;Láser;Lámina 512;Lámina 7-6;-;Medio dedo pie 4;Falange;Verde;Reeducación de marcha;Sección media de tu dedo del pie 4.;Riesgo MEDIO
H177;Falanges (Pie);Falange Distal 4 de Pie Derecho;Hueso Largo Corto;Base;Flexores largos;Punto final de despegue marcha;Interfalángica;Láser;Lámina 512;Lámina 7-6;-;Punta dedo pie 4;Falange;Verde;Reeducación de marcha;Soporto la uña de tu dedo del pie 4.;Riesgo MEDIO (Golpes directos)
H178;Falanges (Pie);Falange Proximal 5 de Pie Derecho;Hueso Largo Corto;Base, Cabeza;Lumbricales pie;Agarre en el suelo;Interfalángica;Láser;Lámina 512;Lámina 7-6;-;Dedo pie 5;Falange;Verde;Reeducación de marcha;Primera sección de tu dedo del pie 5.;Riesgo MEDIO
H179;Falanges (Pie);Falange Media 5 de Pie Derecho;Hueso Largo Corto;Base, Cabeza;Flexores cortos;Agarre en el suelo;Interfalángica;Láser;Lámina 512;Lámina 7-6;-;Medio dedo pie 5;Falange;Verde;Reeducación de marcha;Sección media de tu dedo del pie 5.;Riesgo MEDIO
H180;Falanges (Pie);Falange Distal 5 de Pie Derecho;Hueso Largo Corto;Base;Flexores largos;Punto final de despegue marcha;Interfalángica;Láser;Lámina 512;Lámina 7-6;-;Punta dedo pie 5;Falange;Verde;Reeducación de marcha;Soporto la uña de tu dedo del pie 5.;Riesgo MEDIO (Golpes directos)
H181;Tarso (Tobillo/Pie);Astrágalo de Pie Izquierdo;Hueso Corto;Tuberosidades articulares;Tibial posterior, Tríceps sural (Calcáneo);Amortiguación, marcha, arcos plantares;Subastragalina, Mediotarsiana;Láser / Magneto;Lámina 511;Lámina 7-5;-;Astrágalo Izquierdo;Tarsianos;Rojo;Terapia propioceptiva;Soy una pieza clave del arco de tu pie.;Riesgo ALTO (Fascitis / Fractura estrés)
H182;Tarso (Tobillo/Pie);Calcáneo de Pie Izquierdo;Hueso Corto;Tuberosidades articulares;Tibial posterior, Tríceps sural (Calcáneo);Amortiguación, marcha, arcos plantares;Subastragalina, Mediotarsiana;Láser / Magneto;Lámina 511;Lámina 7-5;-;Calcáneo Izquierdo;Tarsianos;Rojo;Terapia propioceptiva;Soy una pieza clave del arco de tu pie.;Riesgo ALTO (Fascitis / Fractura estrés)
H183;Tarso (Tobillo/Pie);Navicular de Pie Izquierdo;Hueso Corto;Tuberosidades articulares;Tibial posterior, Tríceps sural (Calcáneo);Amortiguación, marcha, arcos plantares;Subastragalina, Mediotarsiana;Láser / Magneto;Lámina 511;Lámina 7-5;-;Navicular Izquierdo;Tarsianos;Rojo;Terapia propioceptiva;Soy una pieza clave del arco de tu pie.;Riesgo ALTO (Fascitis / Fractura estrés)
H184;Tarso (Tobillo/Pie);Cuboides de Pie Izquierdo;Hueso Corto;Tuberosidades articulares;Tibial posterior, Tríceps sural (Calcáneo);Amortiguación, marcha, arcos plantares;Subastragalina, Mediotarsiana;Láser / Magneto;Lámina 511;Lámina 7-5;-;Cuboides Izquierdo;Tarsianos;Rojo;Terapia propioceptiva;Soy una pieza clave del arco de tu pie.;Riesgo ALTO (Fascitis / Fractura estrés)
H185;Tarso (Tobillo/Pie);Cuneiforme Medial de Pie Izquierdo;Hueso Corto;Tuberosidades articulares;Tibial posterior, Tríceps sural (Calcáneo);Amortiguación, marcha, arcos plantares;Subastragalina, Mediotarsiana;Láser / Magneto;Lámina 511;Lámina 7-5;-;Cuneiforme Medial Izquierdo;Tarsianos;Rojo;Terapia propioceptiva;Soy una pieza clave del arco de tu pie.;Riesgo ALTO (Fascitis / Fractura estrés)
H186;Tarso (Tobillo/Pie);Cuneiforme Intermedio de Pie Izquierdo;Hueso Corto;Tuberosidades articulares;Tibial posterior, Tríceps sural (Calcáneo);Amortiguación, marcha, arcos plantares;Subastragalina, Mediotarsiana;Láser / Magneto;Lámina 511;Lámina 7-5;-;Cuneiforme Intermedio Izquierdo;Tarsianos;Rojo;Terapia propioceptiva;Soy una pieza clave del arco de tu pie.;Riesgo ALTO (Fascitis / Fractura estrés)
H187;Tarso (Tobillo/Pie);Cuneiforme Lateral de Pie Izquierdo;Hueso Corto;Tuberosidades articulares;Tibial posterior, Tríceps sural (Calcáneo);Amortiguación, marcha, arcos plantares;Subastragalina, Mediotarsiana;Láser / Magneto;Lámina 511;Lámina 7-5;-;Cuneiforme Lateral Izquierdo;Tarsianos;Rojo;Terapia propioceptiva;Soy una pieza clave del arco de tu pie.;Riesgo ALTO (Fascitis / Fractura estrés)
H188;Metatarso;Metatarsiano 1 de Pie Izquierdo;Hueso Largo Corto;Base, Cuerpo, Cabeza;Fascia plantar, Interóseos;Impulso de la marcha (Fase despegue);Metatarsofalángica;Ultrasonido / TENS;Lámina 512;Lámina 7-6;-;Cabeza metatarsal 1 Izquierdo;Metatarso;Rojo;Masaje fricción plantar;Soy el soporte de la almohadilla de tu pie 1.;Riesgo MEDIO (Metatarsalgia)
H189;Metatarso;Metatarsiano 2 de Pie Izquierdo;Hueso Largo Corto;Base, Cuerpo, Cabeza;Fascia plantar, Interóseos;Impulso de la marcha (Fase despegue);Metatarsofalángica;Ultrasonido / TENS;Lámina 512;Lámina 7-6;-;Cabeza metatarsal 2 Izquierdo;Metatarso;Rojo;Masaje fricción plantar;Soy el soporte de la almohadilla de tu pie 2.;Riesgo MEDIO (Metatarsalgia)
H190;Metatarso;Metatarsiano 3 de Pie Izquierdo;Hueso Largo Corto;Base, Cuerpo, Cabeza;Fascia plantar, Interóseos;Impulso de la marcha (Fase despegue);Metatarsofalángica;Ultrasonido / TENS;Lámina 512;Lámina 7-6;-;Cabeza metatarsal 3 Izquierdo;Metatarso;Rojo;Masaje fricción plantar;Soy el soporte de la almohadilla de tu pie 3.;Riesgo MEDIO (Metatarsalgia)
H191;Metatarso;Metatarsiano 4 de Pie Izquierdo;Hueso Largo Corto;Base, Cuerpo, Cabeza;Fascia plantar, Interóseos;Impulso de la marcha (Fase despegue);Metatarsofalángica;Ultrasonido / TENS;Lámina 512;Lámina 7-6;-;Cabeza metatarsal 4 Izquierdo;Metatarso;Rojo;Masaje fricción plantar;Soy el soporte de la almohadilla de tu pie 4.;Riesgo MEDIO (Metatarsalgia)
H192;Metatarso;Metatarsiano 5 de Pie Izquierdo;Hueso Largo Corto;Base, Cuerpo, Cabeza;Fascia plantar, Interóseos;Impulso de la marcha (Fase despegue);Metatarsofalángica;Ultrasonido / TENS;Lámina 512;Lámina 7-6;-;Cabeza metatarsal 5 Izquierdo;Metatarso;Rojo;Masaje fricción plantar;Soy el soporte de la almohadilla de tu pie 5.;Riesgo MEDIO (Metatarsalgia)
H193;Falanges (Pie);Falange Proximal 1 de Pie Izquierdo;Hueso Largo Corto;Base, Cabeza;Lumbricales pie;Agarre en el suelo;Interfalángica;Láser;Lámina 512;Lámina 7-6;-;Dedo pie 1;Falange;Verde;Reeducación de marcha;Primera sección de tu dedo del pie 1.;Riesgo MEDIO
H194;Falanges (Pie);Falange Distal 1 de Pie Izquierdo;Hueso Largo Corto;Base;Flexores largos;Punto final de despegue marcha;Interfalángica;Láser;Lámina 512;Lámina 7-6;-;Punta dedo pie 1;Falange;Verde;Reeducación de marcha;Soporto la uña de tu dedo del pie 1.;Riesgo MEDIO (Golpes directos)
H195;Falanges (Pie);Falange Proximal 2 de Pie Izquierdo;Hueso Largo Corto;Base, Cabeza;Lumbricales pie;Agarre en el suelo;Interfalángica;Láser;Lámina 512;Lámina 7-6;-;Dedo pie 2;Falange;Verde;Reeducación de marcha;Primera sección de tu dedo del pie 2.;Riesgo MEDIO
H196;Falanges (Pie);Falange Media 2 de Pie Izquierdo;Hueso Largo Corto;Base, Cabeza;Flexores cortos;Agarre en el suelo;Interfalángica;Láser;Lámina 512;Lámina 7-6;-;Medio dedo pie 2;Falange;Verde;Reeducación de marcha;Sección media de tu dedo del pie 2.;Riesgo MEDIO
H197;Falanges (Pie);Falange Distal 2 de Pie Izquierdo;Hueso Largo Corto;Base;Flexores largos;Punto final de despegue marcha;Interfalángica;Láser;Lámina 512;Lámina 7-6;-;Punta dedo pie 2;Falange;Verde;Reeducación de marcha;Soporto la uña de tu dedo del pie 2.;Riesgo MEDIO (Golpes directos)
H198;Falanges (Pie);Falange Proximal 3 de Pie Izquierdo;Hueso Largo Corto;Base, Cabeza;Lumbricales pie;Agarre en el suelo;Interfalángica;Láser;Lámina 512;Lámina 7-6;-;Dedo pie 3;Falange;Verde;Reeducación de marcha;Primera sección de tu dedo del pie 3.;Riesgo MEDIO
H199;Falanges (Pie);Falange Media 3 de Pie Izquierdo;Hueso Largo Corto;Base, Cabeza;Flexores cortos;Agarre en el suelo;Interfalángica;Láser;Lámina 512;Lámina 7-6;-;Medio dedo pie 3;Falange;Verde;Reeducación de marcha;Sección media de tu dedo del pie 3.;Riesgo MEDIO
H200;Falanges (Pie);Falange Distal 3 de Pie Izquierdo;Hueso Largo Corto;Base;Flexores largos;Punto final de despegue marcha;Interfalángica;Láser;Lámina 512;Lámina 7-6;-;Punta dedo pie 3;Falange;Verde;Reeducación de marcha;Soporto la uña de tu dedo del pie 3.;Riesgo MEDIO (Golpes directos)
H201;Falanges (Pie);Falange Proximal 4 de Pie Izquierdo;Hueso Largo Corto;Base, Cabeza;Lumbricales pie;Agarre en el suelo;Interfalángica;Láser;Lámina 512;Lámina 7-6;-;Dedo pie 4;Falange;Verde;Reeducación de marcha;Primera sección de tu dedo del pie 4.;Riesgo MEDIO
H202;Falanges (Pie);Falange Media 4 de Pie Izquierdo;Hueso Largo Corto;Base, Cabeza;Flexores cortos;Agarre en el suelo;Interfalángica;Láser;Lámina 512;Lámina 7-6;-;Medio dedo pie 4;Falange;Verde;Reeducación de marcha;Sección media de tu dedo del pie 4.;Riesgo MEDIO
H203;Falanges (Pie);Falange Distal 4 de Pie Izquierdo;Hueso Largo Corto;Base;Flexores largos;Punto final de despegue marcha;Interfalángica;Láser;Lámina 512;Lámina 7-6;-;Punta dedo pie 4;Falange;Verde;Reeducación de marcha;Soporto la uña de tu dedo del pie 4.;Riesgo MEDIO (Golpes directos)
H204;Falanges (Pie);Falange Proximal 5 de Pie Izquierdo;Hueso Largo Corto;Base, Cabeza;Lumbricales pie;Agarre en el suelo;Interfalángica;Láser;Lámina 512;Lámina 7-6;-;Dedo pie 5;Falange;Verde;Reeducación de marcha;Primera sección de tu dedo del pie 5.;Riesgo MEDIO
H205;Falanges (Pie);Falange Media 5 de Pie Izquierdo;Hueso Largo Corto;Base, Cabeza;Flexores cortos;Agarre en el suelo;Interfalángica;Láser;Lámina 512;Lámina 7-6;-;Medio dedo pie 5;Falange;Verde;Reeducación de marcha;Sección media de tu dedo del pie 5.;Riesgo MEDIO
H206;Falanges (Pie);Falange Distal 5 de Pie Izquierdo;Hueso Largo Corto;Base;Flexores largos;Punto final de despegue marcha;Interfalángica;Láser;Lámina 512;Lámina 7-6;-;Punta dedo pie 5;Falange;Verde;Reeducación de marcha;Soporto la uña de tu dedo del pie 5.;Riesgo MEDIO (Golpes directos)
